INSERT INTO parque VALUES
	(1,'Six Flags México','Carr. Picacho-Ajusco Km 1.5, Jardines del Ajusco, Tlalpan, 14219 Ciudad de México, CDMX','55 5339 3600','Ciudad de México','México','México','1982-03-03',45,'https://www.sixflags.com.mx/mexico/','https://www.sixflags.com.mx/mexico/plan-your-visit/park-map'),
	(2,'Hurricane Harbor Oaxtepec','Autopista México-Cuautla Km. 27 + 200, Centro, 62738 Oaxtepec, Mor.','735 356 9900','Ciudad de México','México','México','2017-05-30',14,'https://www.sixflags.com.mx/hurricaneharborox/','https://www.sixflags.com.mx/hurricaneharborox/plan-your-visit/park-map'),
	(3,'Hurricane Harbor Los Angeles','26101 Magic Mountain Pkwy, Valencia, CA 91355, Estados Unidos','1 661 255 4100','Los Angeles','California','Estados Unidos','1971-05-29',106,'https://www.sixflags.com/hurricaneharborla/','https://www.sixflags.com/hurricaneharborla/plan-your-visit/park-map'),
	(4,'Six Flags Discovery Kingdom','1001 Fairgrounds Dr, Vallejo, CA 94589, Estados Unidos','1 707 644 4000','San Francisco','California','Estados Unidos','1968-07-02',55,'https://www.sixflags.com/discoverykingdom/','https://www.sixflags.com/discoverykingdom/plan-your-visit/park-map'),
	(5,'Hurricane Harbor Concord','1950 Waterworld Pkwy, Concord, CA 94520, Estados Unidos','1 925 609 1364','San Francisco/Sacramento','California','Estados Unidos','1984-05-21',12,'https://www.sixflags.com/hurricaneharborconcord/','https://www.sixflags.com/hurricaneharborconcord/plan-your-visit/park-map'),
	(6,'Six Flags Over Georgia','275 Riverside Pkwy, Austell, GA 30168, Estados Unidos','1 770 739 3400','Atlanta','Georgia','Estados Unidos','1967-06-16',120,'https://www.sixflags.com/overgeorgia/','https://www.sixflags.com/overgeorgia/plan-your-visit/park-map'),
	(7,'Six Flags White Water','250 Cobb Pkwy N, Marietta, GA 30062, Estados Unidos','1 770 590 4067','Atlanta','Georgia','Estados Unidos','1984-05-23',28,'https://www.sixflags.com/whitewater/','https://www.sixflags.com/whitewater/plan-your-visit/park-map'),
	(8,'Six Flags Great America','1 Great America Parkway, Gurnee, IL 60031, Estados Unidos','1 847 249 1776','Chicago','Illinois','Estados Unidos','1976-05-29',123,'https://www.sixflags.com/greatamerica/','https://www.sixflags.com/greatamerica/plan-your-visit/park-map'),
	(9,'Hurricane Harbor Chicago','1 Great America Parkway, Gurnee, IL 60031, Estados Unidos','1 847 249 1766','Chicago','Illinois','Estados Unidos','2005-05-28',14,'https://www.sixflags.com/hurricaneharborchicago/','https://www.sixflags.com/hurricaneharborchicago/plan-your-visit/park-map'),
	(10,'Hurricane Harbor Rockford','7820 Cherryvale N Blvd, Cherry Valley, IL 61016, Estados Unidos','1 847 249 4636','Rockford','Illinois','Estados Unidos','1984-06-14',16,'https://www.sixflags.com/hurricaneharborrockford/','https://www.sixflags.com/hurricaneharborrockford/plan-your-visit/park-map'),
	(11,'Six Flags America','13710 Central Ave, Bowie, MD 20721, Estados Unidos','1 301 249 1500','Baltimore/Washington DC','Maryland','Estados Unidos','1974-05-26',212,'https://www.sixflags.com/america/','https://www.sixflags.com/america/plan-your-visit/park-map'),
	(12,'Six Flags New England','1623 Main St, Agawam, MA 01001, Estados Unidos','1 413 786 9300','Agawam','Massachusetts','Estados Unidos','1870-01-15',95,'https://www.sixflags.com/newengland/','https://www.sixflags.com/newengland/plan-your-visit/park-map'),
	(13,'Six Flags St. Louis','4900 Six Flags Rd, Eureka, MO 63025, Estados Unidos','1 636 938 5300','St Louis','Missouri','Estados Unidos','1971-06-05',131,'https://www.sixflags.com/stlouis/','https://www.sixflags.com/stlouis/plan-your-visit/park-map'),
	(14,'Hurricane Harbor New Jersey','1 Six Flags Blvd, Jackson Township, NJ 08527, Estados Unidos','1 732 928 2000','Jackson','New Jersey','Estados Unidos','2000-02-23',8,'https://www.laronde.com/wildsafariadventure/','https://www.laronde.com/larondefr/plan-your-visit/park-map'),
	(15,'Six Flags Great Adventure','1 Six Flags Blvd, Jackson Township, NJ 08527, Estados Unidos','1 732 928 2000','Jackson','New Jersey','Estados Unidos','1974-07-01',206,'https://www.sixflags.com/hurricaneharbornj/','https://www.sixflags.com/hurricaneharbornj/plan-your-visit/park-map'),
	(16,'Wild Safari Adventure','1 Six Flags Blvd, Jackson Township, NJ 08527, Estados Unidos','1 732 928 2000','Jackson','New Jersey','Estados Unidos','1974-07-04',2,'https://www.sixflags.com/wildsafariadventure/','https://static.sixflags.com/website/files/SFGAd+Wild+Safari+Map+2023.pdf'),
	(17,'Great Escape','1172 US-9, Queensbury, NY 12804, Estados Unidos','1 518 824 6000','Lake George','New York','Estados Unidos','1954-08-17',5,'https://www.sixflags.com/greatescape/','https://www.sixflags.com/greatescape/plan-your-visit/park-map'),
	(18,'Six Flags Darien Lake','9993 Alleghany Rd, Corfu, NY 14036, Estados Unidos','1 585 599 4641','Buffalo','New York','Estados Unidos','1981-05-14',400,'https://www.sixflags.com/darienlake/ ','https://www.sixflagsdarienlakelodging.com/files/2020/01/Darien-Lake-Campground-Map-2020-web.pdf'),
	(19,'Six Flags Great Escape Lodge & Indoor Waterpark','89 Six Flags Drive, Queensbury, NY 12804, Estados Unidos','1 518 824 6000','Queensbury','New York','Estados Unidos','2006-09-05',87,'https://www.sixflagsgreatescapelodge.com/','https://www.sixflags.com/greatescape/plan-your-visit/park-map'),
	(20,'Frontier City','11501 N I- 35 Service Rd, Oklahoma City, OK 73131, Estados Unidos','1 405 478 2140','Oklahoma City','Oklahoma','Estados Unidos','1958-03-28',22,'https://www.sixflags.com/frontiercity','https://www.sixflags.com/frontiercity/plan-your-visit/park-map'),
	(21,'Hurricane Harbor OKC','3908 W Reno Ave, Oklahoma City, OK 73107, Estados Unidos','1 405 943 9687','Oklahoma City','Oklahoma','Estados Unidos','1981-05-23',10,'https://www.sixflags.com/hurricaneharborokc','https://www.sixflags.com/hurricaneharborokc/plan-your-visit/park-map'),
	(22,'Six Flags Over Texas','Arlington, TX 76011, Estados Unidos','1 817 640 8900','Arlington','Texas','Estados Unidos','1961-08-05',86,'https://www.sixflags.com/overtexas','https://www.sixflags.com/overtexas/plan-your-visit/park-map'),
	(23,'Six Flags Fiesta Texas','San Antonio, TX 78257, Estados Unidos','1 210 697 5050','San Antonio','Texas','Estados Unidos','1992-03-14',89,'https://www.sixflags.com/fiestatexas','https://www.sixflags.com/fiestatexas/plan-your-visit/park-map'),
	(24,'Hurricane Harbor Arlington','1800 E Lamar Blvd, Arlington, TX 76006, Estados Unidos','1 817 640 8900','Arlington','Texas','Estados Unidos','2020-05-02',12,'https://www.sixflags.com/hurricaneharbortexas','https://www.sixflags.com/hurricaneharbortexas/plan-your-visit/park-map'),
	(25,'Hurricane Harbor Splashtown','21300 Interstate 45 N, Spring, TX 77373, Estados Unidos','1 281 355 3300','Houston','Texas','Estados Unidos','1984-06-14',19,'https://www.sixflags.com/splashtown','https://www.sixflags.com/splashtown/plan-your-visit/park-map'),
	(26,'La Ronde Montreal','22 Chem. Macdonald, Montréal, QC H3C 6A3, Canadá','1 514 397 2000','Quebec','Quebec','Canadá','1967-04-12',59,'https://www.sixflags.com/larondeen/ ','https://www.sixflags.com/larondeen/plan-your-visit/park-map'),
	(27,'Hurricane Harbor Phoenix','4243 W Pinnacle Peak Rd, Glendale, AZ 85310, Estados Unidos','1 623 201 2000','Phoenix','Arizona','Estados Unidos','2009-07-01',75,'https://www.sixflags.com/phoenix/','https://www.sixflags.com/phoenix/plan-your-visit/park-map'),
	(28,'Six Flags Magic Mountain','26101 Magic Mountain Pkwy, Valencia, CA 91355, Estados Unidos','1 661 255 4100','Los Angeles','California','Estados Unidos','1971-05-29',106,'https://www.sixflags.com/magicmountain/','https://www.sixflags.com/magicmountain/plan-your-visit/park-map');